{"data":[{"title":"Tech giants face new scrutiny causing stocks to recoil","news_url":"https://nypost.com/2019/06/03/tech-giants-face-new-scrutiny-causing-stocks-to-recoil/","image_url":"https://stocknewsapi.com/images/v1/d/3/d33-2.jpg","text":"Tech stocks short-circuited Monday on reports that Silicon Valley\u2019s top companies are facing unprecedented scrutiny of their business practices by government regulators perusing anti-competitive practices. Google parent company Alphabet and Facebook both tumbled more than 6 percent, and Amazon dropped close to 5 percent on reports that the Justice Department and Federal Trade Commission are.","sentiment":"Negative","type":"Article","source_name":"New York Post","date":"Mon, 03 Jun 2019 22:13:36 -0400","tickers":["FB","GOOG","GOOGL"],"tags":[]},{"title":"Facebook keeps three-yearly 'say on pay' vote, amid outside investor doubts","news_url":"https://www.reuters.com/article/us-facebook-investors/facebook-keeps-three-yearly-say-on-pay-vote-amid-outside-investor-doubts-idUSKCN1T504X","image_url":"https://stocknewsapi.com/images/v1/j/o/m02d20190604t2i1394062445rlynxnpef5301nw640.jpg","text":"Facebook Inc investors will only get to vote on the pay of Chief Executive Mark Zuckerberg every three years, rather than annually as most outside shareholders would prefer, according to a vote tally released by the world's largest social media company late on Monday, following its annual meeting last week.","sentiment":"Neutral","type":"Article","source_name":"Reuters","date":"Mon, 03 Jun 2019 21:16:25 -0400","tickers":["FB"],"tags":[]},{"title":"Apple attacks Facebook by becoming the asocial network","news_url":"https://techcrunch.com/2019/06/03/the-asocial-network/","image_url":"https://stocknewsapi.com/images/v1/c/d/cd2-4.jpg","text":"Sharing with everyone is pass\u00e9 and more than a little bit scary these days. We want to send photos to friends without posting them publicly.","sentiment":"Negative","type":"Article","source_name":"TechCrunch","date":"Mon, 03 Jun 2019 19:58:11 -0400","tickers":["AAPL","FB"],"tags":[]},{"title":"Apple touts privacy in web sign-on war with Facebook, Google","news_url":"https://www.reuters.com/article/us-apple-developer/apple-touts-privacy-in-web-sign-on-war-with-facebook-google-idUSKCN1T41E7","image_url":"https://stocknewsapi.com/images/v1/w/y/m02d20190603t2i1393974635rlynxnpef521m6w640.jpg","text":"Apple Inc on Monday launched a \"Sign In With Apple\" function to rival Facebook and Google web login accounts, drawing a contrast with rivals by stressing protection of users' information.","sentiment":"Neutral","type":"Article","source_name":"Reuters","date":"Mon, 03 Jun 2019 19:32:51 -0400","tickers":["AAPL","FB","GOOG","GOOGL"],"tags":[]},{"title":"Is this the beginning of the end for big tech as we know it?","news_url":"https://www.youtube.com/watch?v=s00IEDsAdq4","image_url":"https://stocknewsapi.com/images/v1/s/f/sfbt4.jpg","text":"The war on big tech. Alphabet sinks into a bear market. With CNBC's Eamon Javers and Melissa Lee, and the Fast Money traders, Tim Seymour, Brian Kelly, Dan Nathan and Guy Adami.","sentiment":"Negative","type":"Video","source_name":"CNBC Television","date":"Mon, 03 Jun 2019 18:21:26 -0400","tickers":["FB","GOOGL","GOOG"],"tags":[]},{"title":"Apple took several swipes at Google and Facebook at its biggest software event of the year","news_url":"https://www.cnbc.com/2019/06/03/apple-took-swipes-at-google-and-facebook-at-wwdc.html","image_url":"https://stocknewsapi.com/images/v1/i/w/105946387-1559583971975rtx6xs4u.jpg","text":"The launch of Apple's sign-in software underscores its multi-year effort to organize its marketing and engineering efforts around privacy.","sentiment":"Neutral","type":"Article","source_name":"CNBC","date":"Mon, 03 Jun 2019 18:20:00 -0400","tickers":["AAPL","FB","GOOG","GOOGL"],"tags":[]},{"title":"Why Facebook Stock Fell Monday","news_url":"https://www.fool.com/investing/2019/06/03/why-facebook-stock-fell-monday.aspx?source=iedfolrf0000001","image_url":"https://stocknewsapi.com/images/v1/a/y/facebook-748885-1920-1.jpg","text":"A possible antitrust probe spooked investors. Here's what you should know.","sentiment":"Negative","type":"Article","source_name":"The Motley Fool","date":"Mon, 03 Jun 2019 17:45:00 -0400","tickers":["FB"],"tags":[]},{"title":"Facebook is a 'top buy' on tech correction, says RBC Capital's Mahaney","news_url":"https://www.cnbc.com/2019/06/03/facebook-is-a-top-buy-on-tech-correction-says-rbc-capitals-mahaney.html","image_url":"https://stocknewsapi.com/images/v1/k/3/105501253-1539264692098rtx6enr8.jpg","text":"\"We like Facebook on this kind of correction\" and antitrust issues won't affect fundamentals, Mark Mahaney of RBC Capital Markets says.","sentiment":"Positive","type":"Article","source_name":"CNBC","date":"Mon, 03 Jun 2019 17:41:00 -0400","tickers":["FB"],"tags":[]},{"title":"Dow Jones Futures: Stock Market Correction Intensifies On Facebook, Google, Amazon \u2014 But This Is The Worst Part","news_url":"https://www.investors.com/market-trend/stock-market-today/dow-jones-futures-facebook-stock-market-correction-google-stock-amazon-stock-apple-stock/","image_url":"https://stocknewsapi.com/images/v1/b/l/amzo23.jpg","text":"Stock futures: The market correction intensified as antitrust-probe fears hit Facebook, Google, Amazon and Apple. Worse, top software stocks from Adobe to Twilio sold off.","sentiment":"Negative","type":"Article","source_name":"Investors Business Daily","date":"Mon, 03 Jun 2019 17:36:56 -0400","tickers":["AMZN","FB","GOOG","GOOGL"],"tags":[]},{"title":"GOOGL, AMZN & FB Stock Fall as Antitrust Investigations Hit Silicon Valley, Again","news_url":"http://www.zacks.com/stock/news/424126/googl-amzn-fb-stock-fall-as-antitrust-investigations-hit-silicon-valley-again","image_url":"https://stocknewsapi.com/images/v1/z/b/105784296-15521401824742019-02-08t000000z-2012205338-rc1eef6616b0-rtrmadp-3-people-bezos.jpg","text":"Alphabet Inc., and Amazon.com Inc. stocks opened Monday down big, with Amazon down 3% and Google down over 6%.","sentiment":"Negative","type":"Article","source_name":"Zacks Investment Research","date":"Mon, 03 Jun 2019 17:13:00 -0400","tickers":["AMZN","FB","GOOGL","GOOG"],"tags":[]}]}