{"data":[{"title":"Tech giants face new scrutiny causing stocks to recoil","news_url":"https://nypost.com/2019/06/03/tech-giants-face-new-scrutiny-causing-stocks-to-recoil/","image_url":"https://stocknewsapi.com/images/v1/d/3/d33-2.jpg","text":"Tech stocks short-circuited Monday on reports that Silicon Valley\u2019s top companies are facing unprecedented scrutiny of their business practices by government regulators perusing anti-competitive practices. Google parent company Alphabet and Facebook both tumbled more than 6 percent, and Amazon dropped close to 5 percent on reports that the Justice Department and Federal Trade Commission are.","sentiment":"Negative","type":"Article","source_name":"New York Post","date":"Mon, 03 Jun 2019 22:13:36 -0400","tickers":["FB","GOOG","GOOGL"],"tags":[]},{"title":"Apple touts privacy in web sign-on war with Facebook, Google","news_url":"https://www.reuters.com/article/us-apple-developer/apple-touts-privacy-in-web-sign-on-war-with-facebook-google-idUSKCN1T41E7","image_url":"https://stocknewsapi.com/images/v1/w/y/m02d20190603t2i1393974635rlynxnpef521m6w640.jpg","text":"Apple Inc on Monday launched a \"Sign In With Apple\" function to rival Facebook and Google web login accounts, drawing a contrast with rivals by stressing protection of users' information.","sentiment":"Neutral","type":"Article","source_name":"Reuters","date":"Mon, 03 Jun 2019 19:32:51 -0400","tickers":["AAPL","FB","GOOG","GOOGL"],"tags":[]},{"title":"Is this the beginning of the end for big tech as we know it?","news_url":"https://www.youtube.com/watch?v=s00IEDsAdq4","image_url":"https://stocknewsapi.com/images/v1/s/f/sfbt4.jpg","text":"The war on big tech. Alphabet sinks into a bear market. With CNBC's Eamon Javers and Melissa Lee, and the Fast Money traders, Tim Seymour, Brian Kelly, Dan Nathan and Guy Adami.","sentiment":"Negative","type":"Video","source_name":"CNBC Television","date":"Mon, 03 Jun 2019 18:21:26 -0400","tickers":["FB","GOOGL","GOOG"],"tags":[]},{"title":"Apple took several swipes at Google and Facebook at its biggest software event of the year","news_url":"https://www.cnbc.com/2019/06/03/apple-took-swipes-at-google-and-facebook-at-wwdc.html","image_url":"https://stocknewsapi.com/images/v1/i/w/105946387-1559583971975rtx6xs4u.jpg","text":"The launch of Apple's sign-in software underscores its multi-year effort to organize its marketing and engineering efforts around privacy.","sentiment":"Neutral","type":"Article","source_name":"CNBC","date":"Mon, 03 Jun 2019 18:20:00 -0400","tickers":["AAPL","FB","GOOG","GOOGL"],"tags":[]},{"title":"Dow Jones Futures: Stock Market Correction Intensifies On Facebook, Google, Amazon \u2014 But This Is The Worst Part","news_url":"https://www.investors.com/market-trend/stock-market-today/dow-jones-futures-facebook-stock-market-correction-google-stock-amazon-stock-apple-stock/","image_url":"https://stocknewsapi.com/images/v1/b/l/amzo23.jpg","text":"Stock futures: The market correction intensified as antitrust-probe fears hit Facebook, Google, Amazon and Apple. Worse, top software stocks from Adobe to Twilio sold off.","sentiment":"Negative","type":"Article","source_name":"Investors Business Daily","date":"Mon, 03 Jun 2019 17:36:56 -0400","tickers":["AMZN","FB","GOOG","GOOGL"],"tags":[]},{"title":"Alphabet shares slide 6% on possible DoJ antitrust probe","news_url":"https://www.reuters.com/article/us-alphabet-stocks/alphabet-shares-slide-6-on-possible-doj-antitrust-probe-idUSKCN1T424A","image_url":"https://stocknewsapi.com/images/v1/2/4/m02d20190603t2i1393925237rlynxnpef521h9w640.jpg","text":"Alphabet Inc's shares closed 6% down on Monday following reports that the U.S. Justice Department may investigate Google for hampering competition.","sentiment":"Negative","type":"Article","source_name":"Reuters","date":"Mon, 03 Jun 2019 17:31:32 -0400","tickers":["GOOG","GOOGL"],"tags":[]},{"title":"GOOGL, AMZN & FB Stock Fall as Antitrust Investigations Hit Silicon Valley, Again","news_url":"http://www.zacks.com/stock/news/424126/googl-amzn-fb-stock-fall-as-antitrust-investigations-hit-silicon-valley-again","image_url":"https://stocknewsapi.com/images/v1/z/b/105784296-15521401824742019-02-08t000000z-2012205338-rc1eef6616b0-rtrmadp-3-people-bezos.jpg","text":"Alphabet Inc., and Amazon.com Inc. stocks opened Monday down big, with Amazon down 3% and Google down over 6%.","sentiment":"Negative","type":"Article","source_name":"Zacks Investment Research","date":"Mon, 03 Jun 2019 17:13:00 -0400","tickers":["AMZN","FB","GOOGL","GOOG"],"tags":[]},{"title":"Nasdaq confirms correction as Facebook, Alphabet, Amazon drag","news_url":"https://www.reuters.com/article/us-usa-stocks/nasdaq-confirms-correction-as-facebook-alphabet-amazon-drag-idUSKCN1T41JO","image_url":"https://stocknewsapi.com/images/v1/o/1/m02d20190603t2i1393915856rlynxnpef521euw640.jpg","text":"The Nasdaq tumbled 1.6% on Monday, confirming a correction as it was dragged down by Alphabet, Facebook and Amazon.com on fears the companies are the targets of U.S. government antitrust regulators.","sentiment":"Negative","type":"Article","source_name":"Reuters","date":"Mon, 03 Jun 2019 17:05:36 -0400","tickers":["AMZN","FB","GOOG","GOOGL"],"tags":[]},{"title":"U.S. probe of Google's online ad dominance would appease long suffering rivals, publishers","news_url":"https://www.reuters.com/article/us-google-doj-probe/u-s-probe-of-googles-online-ad-dominance-would-appease-long-suffering-rivals-publishers-idUSKCN1T42PI","image_url":"https://stocknewsapi.com/images/v1/3/k/mac-459196-1920-7.jpg","text":"Ad tech firms and publishers have had to stay in the good graces of Google or risk insolvency.","sentiment":"Negative","type":"Article","source_name":"Reuters","date":"Mon, 03 Jun 2019 16:48:06 -0400","tickers":["GOOG","GOOGL"],"tags":[]},{"title":"Why Facebook, Alphabet, and Centene Slumped Today","news_url":"https://www.fool.com/investing/2019/06/03/why-facebook-alphabet-and-centene-slumped-today.aspx?source=iedfolrf0000001","image_url":"https://stocknewsapi.com/images/v1/y/z/ghrwqcuujksv-1-1.jpg","text":"Tech stocks generally underperformed their peers on a rough day on Wall Street.","sentiment":"Negative","type":"Article","source_name":"The Motley Fool","date":"Mon, 03 Jun 2019 16:33:00 -0400","tickers":["CNC","FB","GOOG","GOOGL"],"tags":[]}]}